<C><P F="3" /><Z><S><S Y="390" T="6" P="0,0,0.3,0.2,0,0,0,0" L="800" X="400" H="100" /><S Y="325" T="10" P="1,0,0.3,0,0,0,0,0" L="30" X="200" H="30" /><S Y="325" T="10" P="1,0,0.3,0,0,0,0,0" L="30" H="30" X="250" /><S Y="325" T="10" P="1,0,0.3,0,0,0,0,0" L="30" X="300" H="30" /><S Y="325" T="10" P="1,0,0.3,0,0,0,0,0" L="30" H="30" X="350" /><S Y="325" T="10" P="1,0,0.3,0,0,0,0,0" L="30" X="400" H="30" /><S Y="325" T="10" P="1,0,0.3,0,0,0,0,0" L="30" H="30" X="450" /><S Y="325" T="10" P="1,0,0.3,0,0,0,0,0" L="30" X="500" H="30" /><S Y="295" T="10" P="1,0,0.3,0,0,0,0,0" L="30" H="30" X="225" /><S Y="295" T="10" P="1,0,0.3,0,0,0,0,0" L="30" X="275" H="30" /><S Y="295" T="10" P="1,0,0.3,0,0,0,0,0" L="30" H="30" X="325" /><S Y="295" T="10" P="1,0,0.3,0,0,0,0,0" L="30" X="375" H="30" /><S Y="295" T="10" P="1,0,0.3,0,0,0,0,0" L="30" H="30" X="425" /><S Y="295" T="10" P="1,0,0.3,0,0,0,0,0" L="30" X="475" H="30" /><S Y="265" T="10" P="1,0,0.3,0,0,0,0,0" L="30" H="30" X="250" /><S Y="265" T="10" P="1,0,0.3,0,0,0,0,0" L="30" X="300" H="30" /><S Y="265" T="10" P="1,0,0.3,0,0,0,0,0" L="30" H="30" X="350" /><S Y="265" T="10" P="1,0,0.3,0,0,0,0,0" L="30" X="400" H="30" /><S Y="265" T="10" P="1,0,0.3,0,0,0,0,0" L="30" H="30" X="450" /><S Y="235" T="10" P="1,0,0.3,0,0,0,0,0" L="30" X="275" H="30" /><S Y="235" T="10" P="1,0,0.3,0,0,0,0,0" L="30" H="30" X="325" /><S Y="235" T="10" P="1,0,0.3,0,0,0,0,0" L="30" X="375" H="30" /><S Y="235" T="10" P="1,0,0.3,0,0,0,0,0" L="30" H="30" X="425" /><S Y="325" T="10" P="1,0,0.3,0,0,0,0,0" L="30" H="30" X="550" /><S Y="325" T="10" P="1,0,0.3,0,0,0,0,0" L="30" X="600" H="30" /><S Y="325" T="10" P="1,0,0.3,0,0,0,0,0" L="30" H="30" X="650" /><S Y="295" T="10" P="1,0,0.3,0,0,0,0,0" L="30" H="30" X="525" /><S Y="295" T="10" P="1,0,0.3,0,0,0,0,0" L="30" X="575" H="30" /><S Y="295" T="10" P="1,0,0.3,0,0,0,0,0" L="30" H="30" X="625" /><S Y="265" T="10" P="1,0,0.3,0,0,0,0,0" L="30" X="500" H="30" /><S Y="265" T="10" P="1,0,0.3,0,0,0,0,0" L="30" H="30" X="550" /><S Y="265" T="10" P="1,0,0.3,0,0,0,0,0" L="30" X="600" H="30" /><S Y="235" T="10" P="1,0,0.3,0,0,0,0,0" L="30" X="475" H="30" /><S Y="235" T="10" P="1,0,0.3,0,0,0,0,0" L="30" H="30" X="525" /><S Y="235" T="10" P="1,0,0.3,0,0,0,0,0" L="30" X="575" H="30" /><S Y="205" T="10" P="1,0,0.3,0,0,0,0,0" L="30" H="30" X="300" /><S Y="205" T="10" P="1,0,0.3,0,0,0,0,0" L="30" X="350" H="30" /><S Y="175" T="10" P="1,0,0.3,0,0,0,0,0" L="30" H="30" X="325" /><S Y="205" T="10" P="1,0,0.3,0,0,0,0,0" L="30" H="30" X="400" /><S Y="175" T="10" P="1,0,0.3,0,0,0,0,0" L="30" X="375" H="30" /><S Y="145" T="10" P="1,0,0.3,0,0,0,0,0" L="30" H="30" X="350" /><S Y="145" T="10" P="1,0,0.3,0,0,0,0,0" L="30" X="400" H="30" /><S Y="115" T="10" P="1,0,0.3,0,0,0,0,0" L="30" H="30" X="375" /><S Y="115" T="10" P="1,0,0.3,0,0,0,0,0" L="30" X="425" H="30" /><S Y="175" T="10" P="1,0,0.3,0,0,0,0,0" L="30" H="30" X="425" /><S Y="175" T="10" P="1,0,0.3,0,0,0,0,0" L="30" X="475" H="30" /><S Y="175" T="10" P="1,0,0.3,0,0,0,0,0" L="30" H="30" X="525" /><S Y="205" T="10" P="1,0,0.3,0,0,0,0,0" L="30" X="450" H="30" /><S Y="205" T="10" P="1,0,0.3,0,0,0,0,0" L="30" H="30" X="500" /><S Y="205" T="10" P="1,0,0.3,0,0,0,0,0" L="30" X="550" H="30" /><S Y="145" T="10" P="1,0,0.3,0,0,0,0,0" L="30" H="30" X="450" /><S Y="145" T="10" P="1,0,0.3,0,0,0,0,0" L="30" X="500" H="30" /><S Y="115" T="10" P="1,0,0.3,0,0,0,0,0" L="30" H="30" X="475" /><S Y="85" T="10" P="1,0,0.3,0,0,0,0,0" L="30" X="400" H="30" /><S Y="85" T="10" P="1,0,0.3,0,0,0,0,0" L="30" H="30" X="450" /><S Y="55" T="10" P="1,0,0.3,0,0,0,0,0" L="30" X="425" H="30" /></S><D><P Y="285" T="45" X="388" P="0,0" /><T Y="343" X="94" /><F Y="338" X="720" /><P Y="341" T="4" X="154" P="0,0" /><P Y="342" T="6" X="769" P="0,0" /><P Y="339" T="83" X="217" P="1,0" /><P Y="340" T="83" X="550" P="1,1" /><P Y="138" T="43" X="256" P="0,0" /></D><O /></Z></C>