<C><P F="3" S="2" Ca="" /><Z><S><S Y="416" T="6" P="0,0,0.3,0.2,-5,0,0,0" L="185" H="150" X="57" /><S Y="416" T="6" P="0,0,0.3,0.2,5,0,0,0" L="185" X="228" H="150" /><S Y="394" T="6" P="0,0,0.3,0.2,-15,0,0,0" L="185" H="150" X="386" /><S Y="381" T="6" P="0,0,0.3,0.2,5,0,0,0" L="185" X="540" H="150" /><S Y="379" T="6" P="0,0,0.3,0.2,-5,0,0,0" L="185" H="150" X="699" /><S Y="393" T="6" P="0,0,0.3,0.2,15,0,0,0" L="185" X="852" H="150" /><S Y="278" T="6" P="0,0,0.3,0.2,-5,0,0,0" L="185" H="150" X="926" /><S Y="290" T="6" P="0,0,0.3,0.2,5,0,0,0" L="185" X="-117" H="150" /></S><D><P Y="249" T="45" X="387" P="0,0" /><P Y="353" T="49" X="15" P="0,0" /><P Y="378" T="98" P="0,0" X="424" C="55300b,191812" /><P Y="106" T="43" X="541" P="0,0" /><P Y="336" T="111" X="157" P="0,0" /><DS Y="323" X="48" /><P Y="335" T="110" X="377" P="0,0" /><P Y="337" T="116" X="118" P="0,0" /><P Y="344" T="115" X="231" P="0,0" /><P Y="305" T="118" X="455" P="0,0" /><P Y="329" T="106" X="354" P="0,1" /><P Y="313" T="83" X="556" P="0,0" /><P Y="341" T="83" X="169" P="0,0" /><P Y="305" T="83" X="745" P="0,0" /><P Y="326" T="4" X="572" P="0,0" /><P Y="347" T="12" X="291" P="0,0" /><P Y="313" T="12" X="682" P="0,0" /><P Y="342" T="116" X="311" P="0,0" /><P Y="312" T="116" X="643" P="0,0" /></D><O /></Z></C>