<C><P Ca="" H="2228" D="x_transformice/x_evt/x_evt_06/jobnpcgy/dragon.jpg" d="x_transformice/x_evt/x_evt_06/jobnpcgy/premier plan.png" mc="" /><Z><S><S m="" P="0,0,0.3,0.2,-50,0,0,0" L="50" o="ff0000" H="50" X="143" Y="2224" T="12" /><S m="" X="175" P="0,0,0.3,0.2,-45,0,0,0" L="50" o="ff0000" H="50" Y="2190" T="12" /><S m="" P="0,0,0.3,0.2,-35,0,0,0" L="50" o="ff0000" X="207" H="50" Y="2163" T="12" /><S m="" H="50" P="0,0,0.3,0.2,-15,0,0,0" L="100" o="ff0000" X="311" Y="2114" T="12" /><S m="" X="247" P="0,0,0.3,0.2,-30,0,0,0" L="50" o="ff0000" H="50" Y="2137" T="12" /><S m="" P="0,0,0.3,0.2,-15,0,0,0" L="50" o="ff0000" H="50" X="411" Y="2161" T="12" /><S m="" P="0,0,0.3,0.2,-5,0,0,0" L="100" o="ff0000" H="50" X="405" Y="2097" T="12" /><S m="" X="499" P="0,0,0.3,0.2,-5,0,0,0" L="100" o="ff0000" H="50" Y="2089" T="12" /><S m="" P="0,0,0.3,0.2,-15,0,0,0" L="100" o="ff0000" X="537" H="50" Y="2077" T="12" /><S m="" H="50" P="0,0,0.3,0.2,-35,0,0,0" L="100" o="ff0000" X="591" Y="2051" T="12" /><S m="" P="0,0,0.3,0.2,-45,0,0,0" L="100" o="ff0000" H="50" X="617" Y="2025" T="12" /><S m="" X="630" P="0,0,0.3,0.2,-65,0,0,0" L="100" o="ff0000" H="50" Y="2003" T="12" /><S m="" P="0,0,0.3,0.2,5,0,0,0" L="100" o="ff0000" X="669" H="50" Y="1973" T="12" /><S m="" H="50" P="0,0,0.3,0.2,-25,0,0,0" L="100" o="ff0000" X="677" Y="1946" T="12" /><S m="" P="0,0,0.3,0.2,0,0,0,0" L="100" o="ff0000" X="256" H="50" Y="1907" T="12" /><S m="" H="50" P="0,0,0.3,0.2,0,0,0,0" L="100" o="ff0000" X="355" Y="1907" T="12" /><S m="" P="0,0,0.3,0.2,50,0,0,0" L="200" o="ff0000" H="10" X="812" Y="1944" T="12" /><S m="" X="58" P="0,0,0.3,0.2,40,0,0,0" L="100" o="ff0000" H="50" Y="1832" T="12" /><S m="" P="0,0,0.3,0.2,20,0,0,0" L="100" o="ff0000" X="-20" H="50" Y="1787" T="12" /><S m="" H="50" P="0,0,0.3,0.2,-40,0,0,0" L="100" o="ff0000" X="188" Y="1672" T="12" /><S m="" P="0,0,0.3,0.2,-55,0,0,0" L="40" o="ff0000" H="50" X="142" Y="1716" T="12" /><S m="" P="0,0,0.3,0.2,-30,0,0,0" L="100" o="ff0000" H="50" X="266" Y="1617" T="12" /><S m="" X="350" P="0,0,0.3,0.2,-30,0,0,0" L="100" o="ff0000" H="50" Y="1567" T="12" /><S m="" P="0,0,0.3,0.2,-40,0,0,0" L="300" o="ff0000" X="509" H="50" Y="1444" T="12" /><S m="" P="0,0,0.3,0.2,-50,0,0,0" L="100" o="ff0000" X="653" H="50" Y="1311" T="12" /><S m="" H="50" P="0,0,0.3,0.2,0,0,0,0" L="300" o="ff0000" X="358" Y="1271" T="12" /><S m="" P="0,0,0.1,0.2,10,0,0,0" L="300" o="ff0000" H="10" X="121" Y="1103" T="12" /><S m="" X="-64" P="0,0,0.1,0.2,10,0,0,0" L="300" o="ff0000" H="50" Y="1022" T="12" /><S m="" P="0,0,0.1,0.2,15,0,0,0" L="300" o="ff0000" X="30" H="50" Y="1062" T="12" /><S m="" P="1,0,0.3,0.2,0,0,0,0" H="50" L="50" o="fd00ff" X="444" c="4" Y="1100" T="12" /><S m="" P="0,0,0.3,0.2,0,0,0,0" L="500" o="ff0000" H="10" X="243" Y="562" T="12" /><S m="" H="50" P="0,0,0.3,0.2,-30,0,0,0" L="300" o="ff0000" X="791" Y="1503" T="12" /><S m="" P="0,0,0.3,0.2,0,0,0,0" L="190" o="ff0000" H="50" X="496" Y="1664" T="12" /><S m="" P="0,0,0.3,0.2,45,0,0,0" L="60" o="ff0000" H="50" X="748" Y="1908" T="12" /><S m="" P="0,0,0.3,0.2,0,0,0,0" L="100" o="ff0000" X="849" H="2300" Y="2504" T="12" /><S m="" H="2300" P="0,0,0.3,0.2,0,0,0,0" L="100" o="ff0000" X="-50" Y="1149" T="12" /><S m="" H="800" P="0,0,0.3,0.2,90,0,0,0" L="100" o="ff0000" X="401" Y="-50" T="12" /><S m="" P="0,0,0.3,0.2,90,0,0,0" L="100" o="ff0000" H="800" X="506" Y="2275" T="12" /><S m="" H="10" P="1,0,0.3,0.2,0,0,0,0" L="200" o="324650" X="444" c="4" Y="642" T="13" /><S X="398" P="1,0,0.3,0.2,690,0,0,0" Y="1081" L="50" o="50ff00" H="160" c="4" i="0,0,x_transformice/x_evt/x_evt_06/jobnpcgy/patte2.png" T="12" /><S X="402" P="1,0,0.3,0.2,220,0,0,0" i="0,0,x_transformice/x_evt/x_evt_06/jobnpcgy/patte3.png" L="50" o="b778b9" H="160" c="4" Y="1161" T="12" /><S X="303" P="1,0,0.1,0.2,0,1,0,0" Y="1235" L="160" o="f700ff" H="50" c="3" N="" i="0,-15,x_transformice/x_evt/x_evt_06/jobnpcgy/patte4.png" T="12" /><S H="10" P="1,0,0.3,0.2,0,0,0,0" i="-60,-60,x_transformice/x_evt/x_evt_06/jobnpcgy/patte1.png" L="90" o="324650" X="332" c="4" Y="993" T="13" /><S m="" P="0,0,0.1,0.2,0,0,0,0" L="100" o="ff0000" H="50" X="321" Y="1249" T="12" /><S m="" X="398" P="0,0,0.3,0.2,30,0,0,0" L="100" o="ff0000" H="50" Y="1268" T="12" /><S m="" X="610" P="0,0,0.1,0.2,35,0,0,0" L="38" o="ff0000" H="50" Y="981" T="12" /><S m="" X="656" P="0,0,0.3,0.2,35,0,0,0" L="80" o="ff0000" H="50" Y="1013" T="12" /><S m="" P="0,0,0.3,0.2,55,0,0,0" L="120" o="ff0000" X="989" H="50" Y="1007" T="12" /><S m="" H="50" P="0,0,0.3,0.2,-20,0,0,0" L="50" o="ff0000" X="192" Y="1914" T="12" /><S m="" P="0,0,0.3,0.2,0,0,0,0" L="50" o="ff0000" H="50" X="185" Y="1925" T="12" /><S m="" P="0,0,0.3,0.2,-40,0,0,0" L="100" o="ff0000" X="32" H="50" Y="1894" T="12" /><S m="" H="50" P="0,0,0.3,0.2,80,0,0,0" L="25" o="ff0000" X="91" Y="1863" T="12" /><S m="" P="0,0,0.3,0.2,10,0,0,0" L="100" o="ff0000" H="50" X="446" Y="1915" T="12" /><S m="" X="475" P="0,0,0.3,0.2,-40,0,0,0" L="100" o="ff0000" H="40" Y="1947" T="12" /><S m="" P="0,0,0.3,0.2,-60,0,0,0" L="100" o="ff0000" X="1129" H="40" Y="1985" T="12" /><S m="" H="50" P="0,0,0.3,0.2,-90,0,0,0" L="100" o="ff0000" X="684" Y="1230" T="12" /><S m="" P="0,0,0.3,0.2,-120,0,0,0" L="100" o="ff0000" H="50" X="663" Y="1154" T="12" /><S m="" X="567" P="0,0,0.3,0.2,-180,0,0,0" L="100" o="ff0000" H="50" Y="1067" T="12" /><S m="" P="0,0,0.3,0.2,-140,0,0,0" L="100" o="ff0000" X="609" H="50" Y="1083" T="12" /><S m="" H="50" P="0,0,0.3,0.2,-40,0,0,0" L="150" o="ff0000" X="560" Y="1026" T="12" /><S m="" P="0,0,0.3,0.2,30,0,0,0" L="60" o="ff0000" X="519" H="50" Y="1282" T="12" /><S m="" H="50" P="0,0,0.3,0.2,110,0,0,0" L="50" o="ff0000" X="525" Y="1290" T="12" /><S m="" X="160" P="0,0,0.3,0.2,-30,0,0,0" L="100" o="ff0000" H="50" Y="1302" T="12" /><S m="" P="0,0,0.3,0.2,-40,0,0,0" L="100" o="ff0000" X="102" H="50" Y="1345" T="12" /><S m="" P="0,0,0.3,0.2,-20,0,0,0" L="100" o="ff0000" X="242" H="50" Y="1264" T="12" /><S X="810" P="1,0,0.3,0.2,220,0,0,0" Y="824" L="50" o="b778b9" H="160" c="3" N="" i="0,0,x_transformice/x_evt/x_evt_06/jobnpcgy/patte3.png" T="12" /><S X="706" P="1,0,0.3,0.2,-30,1,0,0" Y="917" L="160" o="f70 0ff" H="50" c="3" N="" i="0,-15,x_transformice/x_evt/x_evt_06/jobnpcgy/patte4.png" T="12" /><S m="" X="822" P="1,0,0.3,0.2,0,0,0,0" L="50" o="fd00ff" H="50" c="4" Y="777" T="12" /><S X="784" P="1,0,0.3,0.2,330,0,0,0" i="0,0,x_transformice/x_evt/x_evt_06/jobnpcgy/patte2.png" L="50" o="50ff00" H="160" c="4" Y="743" T="12" /><S H="10" P="1,0,0.3,0.2,0,0,0,0" Y="674" L="90" o="324650" X="719" c="4" i="-60,-60,x_transformice/x_evt/x_evt_06/jobnpcgy/patte1.png" T="13" /><S m="" P="1,0,0.3,0.2,0,0,0,0" X="822" L="200" o="324650" H="10" c="4" Y="299" T="13" /><S m="" P="0,0,0.3,0.2,60,0,0,0" L="100" o="ff0000" X="560" H="20" Y="641" T="12" /><S m="" X="338" P="0,0,0,0.2,85,0,0,0" L="150" o="ff0000" H="50" Y="330" T="12" /><S P="0,0,,,,0,0,0" Y="338" L="160" X="114" H="432" i="0,0,x_transformice/x_evt/x_evt_06/jobnpcgy/lumiere.png" T="9" /><S m="" P="0,0,0,0.2,130,0,0,0" L="120" o="ff0000" X="362" H="50" Y="226" T="12" /><S m="" H="50" P="0,0,0,0.2,190,0,0,0" L="150" o="ff0000" X="450" Y="200" T="12" /><S m="" P="0,0,0.3,0.2,40,0,0,0" L="100" o="ff0000" X="622" H="20" Y="715" T="12" /><S m="" P="0,0,0,0.2,200,0,0,0" L="150" o="ff0000" H="50" X="585" Y="237" T="12" /><S m="" X="680" P="0,0,0,0.2,210,0,0,0" L="70" o="ff0000" H="50" Y="278" T="12" /><S m="" P="0,0,0.3,0.2,180,0,0,0" L="100" o="ff0000" H="250" X="850" Y="875" T="12" /><S m="" H="50" P="0,0,0.3,0.2,60,0,0,0" L="120" o="ff0000" X="936" Y="1026" T="12" /><S m="" P="0,0,0.3,0.2,100,0,0,0" L="120" o="ff0000" H="50" X="962" Y="1147" T="12" /><S m="" X="883" P="0,0,0.3,0.2,130,0,0,0" L="200" o="ff0000" H="50" Y="1293" T="12" /><S m="" P="0,0,0.3,0.2,20,0,0,0" L="100" o="ff0000" X="533" H="50" Y="1644" T="12" /><S m="" H="50" P="0,0,0.3,0.2,-20,0,0,0" L="100" o="ff0000" X="458" Y="1645" T="12" /><S m="" P="1,0,0.3,0.2,0,0,0,0" H="10" L="44" o="324650" X="868" c="3" Y="760" T="13" /><S H="10" P="0,0,0,0.2,360,0,0,0" Y="1189" L="10" o="20fff4" X="5" c="4" N="" i="0,0,x_transformice/x_evt/x_evt_06/jobnpcgy/arbre.png" T="12" /><S m="" X="127" P="0,0,0,0.2,210,0,0,0" L="50" o="ff0000" H="50" Y="1738" T="12" /><S H="10" P="0,0,0,0.2,360,0,0,0" i="0,0,x_transformice/x_evt/x_evt_06/jobnpcgy/tete.png" L="10" o="20fff4" X="360" c="4" N="" Y="58" T="12" /><S m="" P="0,0,0,0.2,250,0,0,0" L="150" o="ff0000" X="725" H="50" Y="352" T="12" /><S H="10" P="0,0,0,0.2,360,0,0,0" i="0,0,x_transformice/x_evt/x_evt_06/jobnpcgy/dragon morceau.png" L="10" o="20fff4" X="176" c="4" Y="694" T="12" /><S m="" H="50" P="0,0,0.3,0.2,35,0,0,0" L="120" o="ff0000" X="695" Y="1041" T="12" /><S m="" P="0,0,0.3,0.2,65,0,0,0" L="40" o="ff0000" H="50" X="773" Y="1111" T="12" /><S m="" X="754" P="0,0,0.3,0.2,45,0,0,0" L="40" o="ff0000" H="50" Y="1086" T="12" /><S m="" X="767" P="0,0,0,0.2,250,0,0,0" L="150" o="ff0000" H="50" c="3" Y="466" T="12" /><S m="" X="851" P="0,0,0.3,0.2,180,0,0,0" L="100" o="ff0000" H="500" Y="97" T="12" /><S m="" P="0,0,0,0.2,210,0,0,0" L="200" o="ff0000" H="50" X="900" Y="376" T="12" /><S m="" H="50" P="0,0,0,0.2,270,0,0,0" L="150" o="ff0000" X="992" c="3" Y="519" T="12" /><S m="" P="0,0,0,0.2,330,0,0,0" H="50" L="200" o="ff0000" X="899" c="3" Y="642" T="12" /><S m="" X="825" P="0,0,0,0.2,270,0,0,0" L="150" o="ff0000" H="50" c="3" Y="747" T="12" /><S m="" P="0,0,0.3,0.2,40,0,0,0" L="120" o="ff0000" H="50" X="779" Y="1129" T="12" /><S m="" P="0,0,0,0.2,105,0,0,0" L="150" o="ff0000" X="325" H="50" Y="343" T="12" /><S m="" P="0,0,0.3,0.2,35,0,0,0" L="65" o="ff0000" X="511" H="20" Y="582" T="12" /></S><D><DS Y="2054" X="370" /></D><O><O X="274" P="0" C="11" Y="949" /><O P="0" X="433" C="14" Y="1113" /><O X="370" P="0" C="14" Y="1039" /><O P="0" X="368" C="22" Y="1221" /><O X="762" P="0" C="22" Y="871" /><O X="823" P="0" C="14" Y="778" /><O P="0" X="736" C="14" Y="695" /><O P="150" X="665" C="11" Y="630" /><O P="0" X="855" C="22" Y="775" /><O P="0" X="734" C="11" Y="604" /><O P="0" X="316" C="11" Y="919" /></O><L><JR MV="Infinity,0.5" M1="38" P2="0,0" M2="30" P1="444, 643" /><JD M1="29" P2="444, 720" M2="38" /><JP M1="29" M2="30" AXIS="0,1" /><JR MV="Infinity,0.5" M1="70" P2="0,0" M2="30" P1="822, 296" /><JD M1="67" P2="822, 380" M2="70" /><JP M1="67" M2="30" AXIS="0,1" /></L></Z></C>