<C><P F="3" /><Z><S><S P="0,0,0.3,0.2,0,0,0,0" L="120" X="60" H="50" Y="385" T="6" /><S P="0,0,0.3,0.2,0,0,0,0" L="40" X="216" H="50" Y="386" T="6" /><S P="0,0,0.3,0.2,0,0,0,0" L="40" X="313" H="50" Y="384" T="6" /><S P="0,0,0.3,0.2,0,0,0,0" L="40" X="596" H="50" Y="387" T="6" /><S P="0,0,0.3,0.2,0,0,0,0" L="40" X="499" H="50" Y="383" T="6" /><S P="0,0,0.3,0.2,0,0,0,0" L="40" X="405" H="50" Y="386" T="6" /><S P="0,0,0.3,0.2,0,0,0,0" L="120" X="740" H="50" Y="385" T="6" /><S P="0,0,0,20,0,0,0,0" L="600" X="400" H="29" Y="489" T="3" /><S P="0,0,4,0.2,0,0,0,0" L="63" o="324650" X="157" H="10" v="1500" Y="456" T="12" /><S P="0,0,4,0.2,0,0,0,0" L="63" o="324650" X="264" H="10" v="3000" Y="454" T="12" /><S P="0,0,4,0.2,0,0,0,0" L="63" o="324650" X="355" H="10" v="4500" Y="454" T="12" /><S P="0,0,4,0.2,0,0,0,0" L="63" o="324650" X="452" H="10" v="6000" Y="452" T="12" /><S P="0,0,4,0.2,0,0,0,0" L="63" o="324650" X="545" H="10" v="7500" Y="452" T="12" /><S P="0,0,4,0.2,0,0,0,0" L="63" o="324650" X="643" H="10" v="9000" Y="449" T="12" /></S><D><T Y="360" X="61" /><F Y="357" X="739" /><P X="313" P="0,0" Y="360" T="1" /><P X="22" P="0,0" Y="359" T="3" /><P X="497" P="0,0" Y="358" T="5" /><P X="777" P="0,0" Y="361" T="6" /><P X="200" P="0,0" Y="409" T="12" /><P X="168" P="1,1" Y="559" T="1" /><P X="522" P="0,0" Y="377" T="107" /></D><O><O X="158" C="10" P="0" Y="429" /><O X="265" C="10" P="0" Y="433" /><O X="356" C="10" P="0" Y="433" /><O X="450" C="10" P="0" Y="431" /><O X="547" C="10" P="0" Y="432" /><O X="645" C="10" P="0" Y="428" /></O></Z></C>