<C><P Ca="" D="x_transformice/x_maps/x_peche2014/x_plage.jpg" d="x_transformice/x_maps/x_peche2014/x_plage2.png" /><Z><S><S m="" P="0,0,0.3,0.2,0,0,0,0" L="10" o="12bd94" X="-5" H="400" Y="200" T="12" /><S m="" P="0,0,0.3,0.2,0,0,0,0" L="100" o="12bd94" X="51" H="10" Y="311" T="12" /><S m="" P="0,0,0.5,0.2,-40,0,0,0" L="80" o="12bd94" X="335" H="10" Y="248" T="12" /><S m="" P="0,0,0.5,0.2,-40,0,0,0" L="80" o="12bd94" X="176" H="10" Y="352" T="12" /><S m="" P="0,0,0.5,0.2,-40,0,0,0" L="80" o="12bd94" X="130" H="10" Y="392" T="12" /><S m="" P="0,0,0.5,0.2,0,0,0,0" L="80" o="12bd94" X="40" H="10" Y="401" T="12" /><S m="" P="0,0,0.5,0.2,0,0,0,0" L="80" o="12bd94" X="473" H="10" Y="178" T="12" /><S m="" P="0,0,0.5,0.2,-33,0,0,0" L="100" o="12bd94" X="396" H="10" Y="204" T="12" /><S m="" P="0,0,0.5,0.2,-5,0,0,0" L="100" o="12bd94" X="639" H="10" Y="161" T="12" /><S m="" P="0,0,0.5,0.2,0,0,0,0" L="50" o="12bd94" X="692" H="10" Y="140" T="12" /><S m="" P="0,0,0.5,0.2,0,0,0,0" L="50" o="12bd94" X="709" H="10" Y="140" T="12" /><S m="" P="0,0,0.3,0.2,0,0,0,0" L="10" o="12bd94" X="806" H="400" Y="200" T="12" /><S m="" P="0,0,0.5,0.2,0,0,0,0" L="400" o="12bd94" X="449" H="10" Y="313" T="12" /><S m="" P="0,0,0.5,0.2,-20,0,0,0" L="50" o="12bd94" X="228" H="10" Y="320" T="12" /><S m="" P="0,0,0.5,0.2,-30,0,0,0" L="50" o="12bd94" X="649" H="10" Y="151" T="12" /><S m="" P="0,0,0.5,0.2,0,0,0,0" L="100" o="12bd94" X="761" H="10" Y="399" T="12" /><S m="" P="0,0,0.5,0.2,0,0,0,0" L="50" o="12bd94" X="95" H="10" Y="402" T="12" /><S m="" P="0,0,0.5,0.2,30,0,0,0" L="50" o="12bd94" X="667" H="10" Y="324" T="12" /><S m="" P="0,0,0.5,0.2,40,0,0,0" L="50" o="12bd94" X="704" H="10" Y="351" T="12" /><S m="" P="0,0,0.5,0.2,40,0,0,0" L="50" o="12bd94" X="736" H="10" Y="380" T="12" /><S m="" P="0,0,0.5,0.2,70,0,0,0" L="50" o="12bd94" X="446" H="10" Y="109" T="12" /><S m="" P="0,0,0.5,0.2,70,0,0,0" L="50" o="12bd94" X="431" H="10" Y="62" T="12" /><S m="" P="0,0,0.5,0.2,60,0,0,0" L="50" o="12bd94" X="413" H="10" Y="21" T="12" /><S m="" P="0,0,0.5,0.2,0,0,0,0" L="50" o="12bd94" X="381" H="10" Y="3" T="12" /><S m="" P="0,0,0.5,0.2,0,0,0,0" L="50" o="12bd94" X="328" H="10" Y="6" T="12" /></S><D><DS Y="290" X="67" /></D><O /></Z></C>