{
	"texts": {
        "BR": {
            "shop": {
                "main": "\n\n<p align='left'><N> Olá <ROSE>%1<N>, você possui <J>%2 <N>moedas.\n\n<J>  Seja bem vindo a lojinha do AntiMice !\n\n <N> Para abrir uma lista de itens disponiveis para comprar basta clicar em uma das opções do menu ao lado.\n\n  <T>Caso queira reportar um bug ou tem uma duvida fale com a nossa administração.\n\n\n\n<N>  Divirta-se e tenha um bom jogo.</p>",
                "menu": "\n\n\n <a href='event:shop:changeTab-1-1'>Início</a>\n\n\n <a href='event:shop:changeTab-2-1'>Perfil</a>\n\n\n <a href='event:shop:changeTab-3-1'>Títulos</a>\n\n\n <a href='event:shop:changeTab-4-1'>Fichas</a>\n\n\n <a href='event:shop:changeTab-5-1'>Medalhas</a>\n\n\n <a href='event:shop:changeTab-6-1'>Esferas</a>",
                "header": "\n\n<p align='left'><N> Olá <ROSE>%1<N>, você possui <J>%2 <N>moedas.\n\n<N>Abaixo uma lista dos itens que você pode comprar com suas moedas:\n",
                "coins": "moedas",
                "confirmBuy": "\n\n<N><p align='center'>Deseja realmente comprar o item <J>%1 <N>por <J>%2 <N>moedas?\n\n<V><b><a href='event:shop:confirmBuyItem-%3-%4'>Sim</a></b> - <R><b><a href='event:shop:changeTab-%5-%6'>Não</a></b></p>",
                "confirmBuyBadge": "\n\n<N><p align='center'>Deseja realmente comprar a medalha \n<img src='http://www.transformice.com/images/x_transformice/x_badges/x_%1.png' hspace='175' vspace='10'>\n\n\n\n <N>por <J>%2 <N>moedas?\n\n<V><b><a href='event:shop:confirmBuyItem-%3-%4'>Sim</a></b> - <R><b><a href='event:shop:changeTab-%5-%6'>Não</a></b></p>",
                "confirmBuyShamanBadge": "\n\n<N><p align='center'>Deseja realmente comprar a esfera \n<img src='http://room32.net/images/shop/shamanBadges/%1.png' hspace='175' vspace='10'>\n\n\n\n\n <N>por <J>%2 <N>moedas?\n\n<V><b><a href='event:shop:confirmBuyItem-%3-%4'>Sim</a></b> - <R><b><a href='event:shop:changeTab-%5-%6'>Não</a></b></p>",
                "buyErrorNoCoins": "\n\n<N><p align='center'>Você não tem moedas suficientes para comprar o item <J>%1\n\n<V><b><a href='event:shop:changeTab-%2-%3'>OK</a></b>",
                "buyBadgeErrorNoCoins": "\n\n<N><p align='center'>Você não tem moedas suficientes para comprar esta medalha.\n\n<V><b><a href='event:shop:changeTab-%1-%2'>OK</a></b>",
                "buyShamanBadgeErrorNoCoins": "\n\n<N><p align='center'>Você não tem moedas suficientes para comprar esta esfera.\n\n<V><b><a href='event:shop:changeTab-%1-%2'>OK</a></b>",
                "buyErrorHas": "\n\n<N><p align='center'>Você já tem o item <J>%1\n\n<V><b><a href='event:shop:changeTab-%2-%3'>OK</a></b>",
                "buyBadgeErrorHas": "\n\n<N><p align='center'>Você já tem esta medalha.\n\n<V><b><a href='event:shop:changeTab-%1-%2'>OK</a></b>",
                "buyShamanBadgeErrorHas": "\n\n<N><p align='center'>Você já tem esta esfera.\n\n<V><b><a href='event:shop:changeTab-%1-%2'>OK</a></b>",
                "buySucess": "\n\n<N><p align='center'>Você comprou o item <J>%1 <N>com sucesso.\n\n<V><b><a href='event:shop:changeTab-%2-%3'>OK</a></b>",
                "buyBadgeSucess": "\n\n<N><p align='center'>Você comprou a medalha com sucesso.\n\n<V><b><a href='event:shop:changeTab-%1-%2'>OK</a></b>",
                "buyShamanBadgeSucess": "\n\n<N><p align='center'>Você comprou a esfera com sucesso.\n\n<V><b><a href='event:shop:changeTab-%1-%2'>OK</a></b>",
                "items": {
                    "profile": {
                        "1": "2000 Queijos + 1500 Morangos",
                        "2": "100 Firsts + 50 Bootcamps",
                        "3": "200 Firsts + 300 Saves",
                        "4": "200 Firsts + 400 Saves + 100 Bootcamps",
                        "5": "600 Saves + 300 Saves Hard",
                        "6": "600 Saves + 300 Saves Divine",
                        "7": "350 Saves Hard + 350 Saves Divine"
                    },
                    
                    "titles": {
                        "1": "Título «O Guardião do Queijo»"
                    },
                    
                    "tokens": {
                        "1": "10 Fichas",
                        "2": "20 Fichas",
                        "3": "30 Fichas",
                        "4": "40 Fichas",
                        "5": "50 Fichas"
                    }
                }
            },
            
            "spinTheWheel": {
                "main": "<p align='center'><N>Olá <ROSE>%1 <N>, você possui <R>%2 <N>fichas.</p>",
                "start": "<b><font color='#000000'><a href='event:spinTheWheel:start'>Girar</a></font></b>",
                "errorNoTokens": "\n\n<N><p align='center'>Você não tem fichas suficientes para girar a roleta.\n\n<V><b><a href='event:spinTheWheel:result'>OK</a></b>",
                "winAward": "\n\n<N><p align='center'>Parabéns ! Você ganhou <R>%1<N>.\n\n<V><b><a href='event:spinTheWheel:winAward-%2-%3'>OK</a></b>"
            },
            
            "vipInfo": {
                "main": "  Olá <ROSE>%1\n\n  <J>Seja bem vindo ao sistema de Vips do AntiMice.\n\n  <N><N>Nosso sistema passou por mudanças e agora esté disponível novamente aos nossos ratinhos.\n\n  Para conhecer todos os comandos vips clique na opção funções.\n\n<T>  Para ver os usuários Vips online no servidor clique na opção Vips.",
                "functions": "<ROSE><p align='center'><b>Comandos VIP</b></p>\n<font color='#00FFAB'>/vamp</font> <N>- Transforma seu rato em um vampiro.\n<font color='#00FFAB'>/meep</font> <N>- Ativa o meep.\n<font color='#00FFAB'>/pink</font> <N>- Deixa o seu rato rosa.\n<font color='#00FFAB'>/namecolor [Cor]</font> <N>- Altera a cor de seu nome.\n<font color='#00FFAB'>/re</font> <N>- Revive o seu rato.\n<font color='#00FFAB'>/vip [Mensagem]</font> <N>- Envia uma mensagem para a sala como VIP.\n<font color='#00FFAB'>/vi [Mensagem]</font> <N>- Envia uma mensagem para a equipe e os outros VIPs.",
                "noVips": "<font color='#FE777F'>Não há vip onlines!</font>",
                "menu": {
                    "1": "<b><a href='event:vipInfo:changeTab-1'>Inicio</a></b>",
                    "2": "<b><a href='event:vipInfo:changeTab-2'>Funções</a></b>",
                    "3": "<b><a href='event:vipInfo:changeTab-3'>Vips</a></b>",
                    "4": "<R><b><a href='event:vipInfo:close'>Fechar</a></b>"
                }
            },
            
            "consumablesShop": {
                "endBuy": "<p align='center'><a href='event:consumablesShop:endBuy'>Finalizar compra</a></p>",
                "buyMessage": "<p align='center'>Olá <ROSE>%1<N>, você possui <J>%2 <N>queijos e <R>%3 <N>morangos.\n\nVocê está comprando um total de <CH>%4 <N>consumíveis.\n\nSelecione o método de pagamento:</p>",
                "cancelBuy": "<p align='center'><a href='event:consumablesShop:cancelBuy'>Cancelar</a></p>",
                "buySucess": "<p align='center'>Você comprou <CH>%1 <N>consumíveis por %2%3 <N>%4.</p>",
                "cheeses": "queijos",
                "fraises": "morangos",
                "returnToHome": "<p align='center'><a href='event:consumablesShop:backToHome'>Voltar para o início</a></p>"
            }
        },
        
        "EN": {
            "shop": {
                "main": "\n\n<p align='left'><N> Hello <ROSE>%1<N>, you have <J>%2 <N>coins.\n\n<J>  Welcome to AntiMice Mini Shop !\n\n <N> To open a list of items available for purchase simply click on one of the menu options on the side.\n\n  <T>If you want to report a bug or have a doubt talk to our management.\n\n\n\n<N>  Have fun and have a good game.</p>",
                "menu": "\n\n\n <a href='event:shop:changeTab-1-1'>Home</a>\n\n\n <a href='event:shop:changeTab-2-1'>Profile</a>\n\n\n <a href='event:shop:changeTab-3-1'>Titles</a>\n\n\n <a href='event:shop:changeTab-4-1'>Tokens</a>\n\n\n <a href='event:shop:changeTab-5-1'>Badges</a>\n\n\n <a href='event:shop:changeTab-6-1'>Shaman Badges</a>",
                "header": "\n\n<p align='left'><N> Hello <ROSE>%1<N>, you have <J>%2 <N>coins.\n\n<N>Below is a list of the items you can buy with your coins:\n",
                "coins": "coins",
                "confirmBuy": "\n\n<N><p align='center'>Do you really want to buy the item <J>%1 <N>for <J>%2 <N>coins?\n\n<V><b><a href='event:shop:confirmBuyItem-%3-%4'>Yes</a></b> - <R><b><a href='event:shop:changeTab-%5-%6'>No</a></b></p>",
                "confirmBuyBadge": "\n\n<N><p align='center'>Do you really want to buy the badge \n<img src='http://www.transformice.com/images/x_transformice/x_badges/x_%1.png' hspace='175' vspace='10'>\n\n\n\n <N>for <J>%2 <N>coins?\n\n<V><b><a href='event:shop:confirmBuyItem-%3-%4'>Yes</a></b> - <R><b><a href='event:shop:changeTab-%5-%6'>No</a></b></p>",
                "confirmBuyShamanBadge": "\n\n<N><p align='center'>Do you really want to buy the shaman badge \n<img src='http://room32.net/images/shop/shamanBadges/%1.png' hspace='175' vspace='10'>\n\n\n\n\n <N>for <J>%2 <N>coins?\n\n<V><b><a href='event:shop:confirmBuyItem-%3-%4'>Yes</a></b> - <R><b><a href='event:shop:changeTab-%5-%6'>No</a></b></p>",
                "buyErrorNoCoins": "\n\n<N><p align='center'>You do not have enough coins to buy the item <J>%1\n\n<V><b><a href='event:shop:changeTab-%2-%3'>OK</a></b>",
                "buyBadgeErrorNoCoins": "\n\n<N><p align='center'>You do not have enough coins to buy this badge.\n\n<V><b><a href='event:shop:changeTab-%1-%2'>OK</a></b>",
                "buyShamanBadgeErrorNoCoins": "\n\n<N><p align='center'>You do not have enough coins to buy this shaman badge.\n\n<V><b><a href='event:shop:changeTab-%1-%2'>OK</a></b>",
                "buyErrorHas": "\n\n<N><p align='center'>You already have the item <J>%1\n\n<V><b><a href='event:shop:changeTab-%2-%3'>OK</a></b>",
                "buyBadgeErrorHas": "\n\n<N><p align='center'>You already have this badge.\n\n<V><b><a href='event:shop:changeTab-%1-%2'>OK</a></b>",
                "buyShamanBadgeErrorHas": "\n\n<N><p align='center'>You already have this shaman bage.\n\n<V><b><a href='event:shop:changeTab-%1-%2'>OK</a></b>",
                "buySucess": "\n\n<N><p align='center'>You bought the item <J>%1 <N>successfully.\n\n<V><b><a href='event:shop:changeTab-%2-%3'>OK</a></b>",
                "buyBadgeSucess": "\n\n<N><p align='center'>You bought this badge successfully.\n\n<V><b><a href='event:shop:changeTab-%1-%2'>OK</a></b>",
                "buyShamanBadgeSucess": "\n\n<N><p align='center'>You bought this shaman badge successfully.\n\n<V><b><a href='event:shop:changeTab-%1-%2'>OK</a></b>",
                "items": {
                    "profile": {
                        "1": "2000 Cheeses + 1500 Fraises",
                        "2": "100 Firsts + 50 Bootcamps",
                        "3": "200 Firsts + 300 Saves",
                        "4": "200 Firsts + 400 Saves + 100 Bootcamps",
                        "5": "600 Saves + 300 Saves Hard",
                        "6": "600 Saves + 300 Saves Divine",
                        "7": "350 Saves Hard + 350 Saves Divine"
                    },
                    
                    "titles": {
                        "1": "Título «O Guardião do Queijo»"
                    },
                    
                    "tokens": {
                        "1": "10 Tokens",
                        "2": "20 Tokens",
                        "3": "30 Tokens",
                        "4": "40 Tokens",
                        "5": "50 Tokens"
                    }
                }
            },
            
            "spinTheWheel": {
                "main": "<p align='center'><N>Hello <ROSE>%1 <N>, you have <R>%2 <N>tokens.</p>",
                "start": "<b><font color='#000000'><a href='event:spinTheWheel:start'>Start</a></font></b>",
                "errorNoTokens": "\n\n<N><p align='center'>You do not have enough tokens to spin the wheel.\n\n<V><b><a href='event:spinTheWheel:result'>OK</a></b>",
                "winAward": "\n\n<N><p align='center'>Congratulations ! You win <R>%1<N>.\n\n<V><b><a href='event:spinTheWheel:winAward-%2-%3'>OK</a></b>"
            },
            
            "vipInfo": {
                "main": "  Hello <ROSE>%1\n\n  <J>Welcome to the Vips system of AntiMice.\n\n  <N><N>Our system has undergone changes and is now available again to our mice.\n\n  For full VIP commands click the option functions.\n\n<T>  To view the online VIP users click on the server in the Vips option.",
                "functions": "<ROSE><p align='center'><b>VIP commands</b></p>\n<font color='#00FFAB'>/vamp</font> <N>- Turns your mouse into a vampire.\n<font color='#00FFAB'>/meep</font> <N>- Enable the meep.\n<font color='#00FFAB'>/pink</font> <N>- Leave your pink mouse.\n<font color='#00FFAB'>/namemcolor [Color]</font> <N>- Change the color of your name.\n<font color='#00FFAB'>/re</font> <N>- Revive your mouse.\n<font color='#00FFAB'>/vip [Message]</font> <N>- Send a message to the room as VIP.\n<font color='#00FFAB'>/vi [Mensagem]</font> <N>- Send a message to the staff and the others VIPs.",
                "noVips": "<font color='#FE777F'>No online vip!</font>",
                "menu": {
                    "1": "<b><a href='event:vipInfo:changeTab-1'>Home</a></b>",
                    "2": "<b><a href='event:vipInfo:changeTab-2'>Functions</a></b>",
                    "3": "<b><a href='event:vipInfo:changeTab-3'>Vips</a></b>",
                    "4": "<R><b><a href='event:vipInfo:close'>Close</a></b>"
                }
            },
            
            "consumablesShop": {
                "endBuy": "<p align='center'><a href='event:consumablesShop:endBuy'>Finalize purchase</a></p>",
                "buyMessage": "<p align='center'>Hello <ROSE>%1<N>, you have <J>%2 <N>cheeses and <R>%3 <N>fraises.\n\nYou are buying a total of <CH>%4 <N>consumables.\n\nSelect the payment method:</p>",
                "cancelBuy": "<p align='center'><a href='event:consumablesShop:cancelBuy'>Cancel</a></p>",
                "buySucess": "<p align='center'>You bought <CH>%1 <N>consumables for %2%3 <N>%4.</p>",
                "cheeses": "cheeses",
                "fraises": "fraises",
                "returnToHome": "<p align='center'><a href='event:consumablesShop:backToHome'>Back to the home</a></p>"
            }
        },
        
        "ES": {
            "shop": {
                "main": "\n\n<p align='left'><N> Hola <ROSE>%1<N>, usted tiene <J>%2 <N>monedas.\n\n<J>  Bienvenido a la mini tienda de AntiMice !\n\n <N> Para abrir una lista de elementos disponibles para la compra, simplemente haga clic en una de las opciones del menú en el lado.\n\n  <T>Si quieres informar de un error o tener una charla duda para nuestra gestión.\n\n\n\n<N>  Divertirse y pasar un buen juego.</p>",
                "menu": "\n\n\n <a href='event:shop:changeTab-1-1'>Comiezo</a>\n\n\n <a href='event:shop:changeTab-2-1'>Perfil</a>\n\n\n <a href='event:shop:changeTab-3-1'>Títulos</a>\n\n\n <a href='event:shop:changeTab-4-1'>Fichas</a>\n\n\n <a href='event:shop:changeTab-5-1'>Insignias</a>\n\n\n <a href='event:shop:changeTab-6-1'>Esferas</a>",
                "header": "\n\n<p align='left'><N> Hola <ROSE>%1<N>, uested tiene <J>%2 <N>monedas.\n\n<NA continuación se muestra una lista de los itens que se pueden comprar con sus monedas:\n",
                "coins": "monedas",
                "confirmBuy": "\n\n<N><p align='center'>¿De verdad quiere comprar el artículo: <J>%1 <N>para <J>%2 <N>monedas?\n\n<V><b><a href='event:shop:confirmBuyItem-%3-%4'>Si</a></b> - <R><b><a href='event:shop:changeTab-%5-%6'>No</a></b></p>",
                "confirmBuyBadge": "\n\n<N><p align='center'>¿De verdad quiere comprar el insignia \n<img src='http://www.transformice.com/images/x_transformice/x_badges/x_%1.png' hspace='175' vspace='10'>\n\n\n\n <N>para <J>%2 <N>monedas?\n\n<V><b><a href='event:shop:confirmBuyItem-%3-%4'>Si</a></b> - <R><b><a href='event:shop:changeTab-%5-%6'>No</a></b></p>",
                "confirmBuyShamanBadge": "\n\n<N><p align='center'>¿De verdad quiere comprar el esfera \n<img src='http://room32.net/images/shop/shamanBadges/%1.png' hspace='175' vspace='10'>\n\n\n\n\n <N>para <J>%2 <N>monedas?\n\n<V><b><a href='event:shop:confirmBuyItem-%3-%4'>Si</a></b> - <R><b><a href='event:shop:changeTab-%5-%6'>No</a></b></p>",
                "buyErrorNoCoins": "\n\n<N><p align='center'>Usted no tiene suficientes monedas para comprar el artículo <J>%1\n\n<V><b><a href='event:shop:changeTab-%2-%3'>OK</a></b>",
                "buyBadgeErrorNoCoins": "\n\n<N><p align='center'>Usted no tiene suficientes monedas para comprar esta insignia.\n\n<V><b><a href='event:shop:changeTab-%1-%2'>OK</a></b>",
                "buyShamanBadgeErrorNoCoins": "\n\n<N><p align='center'>Usted no tiene suficientes monedas para comprar esta esfera.\n\n<V><b><a href='event:shop:changeTab-%1-%2'>OK</a></b>",
                "buyErrorHas": "\n\n<N><p align='center'>Tu ya lo tienes el artículo <J>%1\n\n<V><b><a href='event:shop:changeTab-%2-%3'>OK</a></b>",
                "buyBadgeErrorHas": "\n\n<N><p align='center'>Tu ya lo tienes esta insignia.\n\n<V><b><a href='event:shop:changeTab-%1-%2'>OK</a></b>",
                "buyShamanBadgeErrorHas": "\n\n<N><p align='center'>Tu ya lo tienes esta esfera.\n\n<V><b><a href='event:shop:changeTab-%1-%2'>OK</a></b>",
                "buySucess": "\n\n<N><p align='center'>Usted compró el artículo <J>%1 <N>con éxito.\n\n<V><b><a href='event:shop:changeTab-%2-%3'>OK</a></b>",
                "buyBadgeSucess": "\n\n<N><p align='center'>Usted compró esta insignia con éxito.\n\n<V><b><a href='event:shop:changeTab-%1-%2'>OK</a></b>",
                "buyShamanBadgeSucess": "\n\n<N><p align='center'>Usted compró esta esfera con éxito.\n\n<V><b><a href='event:shop:changeTab-%1-%2'>OK</a></b>",
                "items": {
                    "profile": {
                        "1": "2000 Quesos + 1500 Fresas",
                        "2": "100 Firsts + 50 Bootcamps",
                        "3": "200 Firsts + 300 Saves",
                        "4": "200 Firsts + 400 Saves + 100 Bootcamps",
                        "5": "600 Saves + 300 Saves Hard",
                        "6": "600 Saves + 300 Saves Divine",
                        "7": "350 Saves Hard + 350 Saves Divine"
                    },
                    
                    "titles": {
                        "1": "Título «O Guardião do Queijo»"
                    },
                    
                    "tokens": {
                        "1": "10 Fichas",
                        "2": "20 Fichas",
                        "3": "30 Fichas",
                        "4": "40 Fichas",
                        "5": "50 Fichas"
                    }
                }
            },
            
            "spinTheWheel": {
                "main": "<p align='center'><N>Hola <ROSE>%1 <N>, usted tiene <R>%2 <N>fichas.</p>",
                "start": "<b><font color='#000000'><a href='event:spinTheWheel:start'>Giro</a></font></b>",
                "errorNoTokens": "\n\n<N><p align='center'>Usted no tiene suficientes fichas para hacer girar la rueda.\n\n<V><b><a href='event:spinTheWheel:result'>OK</a></b>",
                "winAward": "\n\n<N><p align='center'>Felicitaciones, usted ganaste <R>%1<N>.\n\n<V><b><a href='event:spinTheWheel:winAward-%2-%3'>OK</a></b>"
            },
            
            "vipInfo": {
                "main": "  Hola <ROSE>%1\n\n  <J>Bienvenido a sistema de Vips de AntiMice.\n\n  <N><N>Nuestro sistema ha sufrido cambios y ahora está disponible de nuevo para nuestros ratones.\n\n  Para los comandos completos de Vips, clic en funciones.\n\n<T>  Para ver los usuarios Vips en línea, haga clic en el servidor en la opción Vips.",
                "functions": "<ROSE><p align='center'><b></b></p>\n<font color='#00FFAB'>/vamp</font> <N>- Enciende el puntero del ratón en un vampiro.\n<font color='#00FFAB'>/meep</font> <N>- Activa lo meep.\n<font color='#00FFAB'>/pink</font> <N>- Deje su ratón rosado.\n<font color='#00FFAB'>/freebadges</font> <N>- Desbloquea nuevas medallas.\n<font color='#00FFAB'>/namecolor [Color]</font> <N>- Cambia el color de su nombre.\n<font color='#00FFAB'>/re</font> <N>- Revive el puntero del ratón.\n<font color='#00FFAB'>/vip [Mensaje]</font> <N>- Enviar un mensaje a la sala como VIP.\n<font color='#00FFAB'>/vi [Mensagem]</font> <N>- Enviar un mensaje a equipe y otros VIPs.",
                "noVips": "<font color='#FE777F'>Sin vip en línea.</font>",
                "menu": {
                    "1": "<b><a href='event:vipInfo:changeTab-1'>Comiezo</a></b>",
                    "2": "<b><a href='event:vipInfo:changeTab-2'>Funciones</a></b>",
                    "3": "<b><a href='event:vipInfo:changeTab-3'>Vips</a></b>",
                    "4": "<R><b><a href='event:vipInfo:close'>Cerrar</a></b>"
                }
            },
            
            "consumablesShop": {
                "endBuy": "<p align='center'><a href='event:consumablesShop:endBuy'>Finiquitar compra</a></p>",
                "buyMessage": "<p align='center'>Hola <ROSE>%1<N>, usted tiene <J>%2 <N>quesos y <R>%3 <N>fresas.\n\nUsted está comprando un total de <CH>%4 <N>consumibles.\n\nElija un método de pago:</p>",
                "cancelBuy": "<p align='center'><a href='event:consumablesShop:cancelBuy'></a></p>",
                "buySucess": "<p align='center'>Usted compró <CH>%1 <N>consumibles per %2%3 <N>%4.</p>",
                "cheeses": "quesos",
                "fraises": "fresas",
                "returnToHome": "<p align='center'><a href='event:consumablesShop:backToHome'>Volver al principio</a></p>"
            }
        }
    },
    
    "shop": {
        "profile": {
            "1": 750,
            "2": 1000,
            "3": 1500,
            "4": 2000,
            "5": 2000,
            "6": 2250,
            "7": 2500
        },
        
        "titles": {
            "1": 500,
            "2": 600,
            "3": 600,
            "4": 700,
            "5": 700,
			"6": 750,
			"7": 750,
			"8": 750,
			"9": 800,
			"10": 900,
			"11": 1000,
			"12": 1000
        },
        
        "tokens": {
            "1": 750,
            "2": 1500,
            "3": 2250,
            "4": 3000,
            "5": 3750
        },
        
        "badges": {
            "0": [0, 250],
            "1": [1, 250],
            "2": [6, 250],
            "3": [7, 250],
            "4": [9, 250],
            "5": [16, 250],
            "6": [17, 250],
            "7": [18, 250],
            "8": [28, 250],
            "9": [29, 250],
            "10": [30, 250],
            "11": [33, 250],
            "12": [34, 250],
            "13": [35, 250],
            "14": [42, 250],
            "15": [46, 250],
            "16": [47, 250],
            "17": [50, 250],
            "18": [51, 250],
            "19": [55, 250],
            "20": [57, 250],
            "21": [58, 250],
            "22": [59, 250],
            "23": [64, 250],
            "24": [65, 250],
            "25": [71, 250],
            "26": [73, 250],
            "27": [129, 300],
            "28": [130, 300],
            "29": [131, 300],
            "30": [132, 300],
            "31": [133, 300],
            "32": [134, 300],
			"33": [139, 300],
			"34": [142, 300],
			"35": [144, 300],
			"36": [145, 300],
			"37": [147, 300],
			"38": [153, 300],
			"39": [154, 300],
			"40": [158, 300],
			"41": [181, 300],
			"42": [175, 300],
			"43": [178, 300],
			"44": [173, 300],
			"45": [155, 300],
			"46": [156, 300],
			"47": [157, 300],
			"48": [158, 300],
			"49": [159, 300]
        },
        
        "shamanbadges" : {
            "0" : [1, 350],
            "1" : [2, 350],
            "2" : [3, 350],
            "3" : [4, 350],
            "4" : [5, 350],
            "5" : [6, 350],
            "6" : [7, 350],
            "7" : [8, 400],
            "8" : [9, 400],
            "9" : [10, 400],
			"10" : [11, 400],
			"11" : [12, 400],
			"12" : [13, 400],
			"13" : [14, 400],
			"14" : [15, 500],
			"15" : [16, 500],
			"16" : [17, 500],
			"17" : [18, 500],
			"18" : [19, 500],
			"19" : [20, 500],
			"20" : [21, 500],
			"21" : [22, 600],
			"22" : [23, 600],
			"23" : [24, 600],
			"24" : [25, 600]
        }
    },
    
    "consumables": {
        "0": [0, 6, 3],
        "1": [1, 8, 4],
        "2": [2, 6, 3],
        "3": [3, 6, 3],
        "4": [4, 4, 2],
        "5": [5, 8, 4],
        "6": [6, 8, 4],
        "7": [8, 8, 4],
        "8": [10, 4, 2],
        "9": [11, 8, 4],
        "10": [14, 4, 2],
        "11": [15, 4, 2],
        "12": [16, 6, 3],
        "13": [20, 8, 4],
        "14": [21, 9, 5],
        "15": [24, 8, 4],
        "16": [25, 8, 4],
        "17": [26, 8, 4],
        "18": [28, 8, 4],
        "19": [29, 9, 9],
        "20": [30, 9, 9],
        "21": [31, 9, 9],
        "22": [33, 8, 4],
        "23": [34, 9, 9],
        "24": [35, 8, 4],
        "25": [2232, 9, 9],
        "26": [2234, 9, 9],
		"27": [2239, 10, 5],
        "28": [2240, 9, 9],
        "29": [2241, 9, 9],
		"30": [2246, 9, 9],
		"31": [2247, 9, 9],
		"32": [2250, 8, 4],
		"33": [2252, 10, 5],
		"34": [2255, 8, 4],
		"35": [2259, 8, 4],
		"36": [2262, 9, 9]
    }
}