<C><P mc="" DS="m;122,269,677,269" D="x_transformice/x_maps/x_noel2017/x_mapamesoeur2.jpg" Ca="" /><Z><S><S m="" P="1,0.0001,0,0,0,1,0,0" H="30" L="80" X="455" c="3" Y="239" T="12" /><S m="" P="0,0,0,0.2,0,0,0,0" L="500" X="575" H="50" Y="399" T="1" /><S m="" P="1,0.0001,0,0,0,1,0,0" H="30" L="110" X="55" c="3" Y="130" T="12" /><S m="" P="1,0.0001,0,0,0,1,0,0" H="30" L="100" X="225" c="3" Y="300" T="12" /><S m="" P="1,0.0001,0,0,0,1,0,0" H="28" L="110" X="-97" c="3" Y="263" T="12" /><S m="" P="0,0,0,0,0,0,0,0" X="-106" L="110" H="28" c="4" Y="266" T="12" /><S m="" P="1,0.0001,0,0,0,1,0,0" H="28" L="110" X="-100" c="3" Y="158" T="12" /><S m="" P="0,0,0,0,0,0,0,0" H="28" L="110" X="-99" c="4" Y="236" T="12" /><S m="" P="0,0,0,0,0,0,0,0" X="455" L="80" H="30" c="4" Y="239" T="12" /><S m="" P="0,0,0.3,0,-45,0,0,0" L="61" H="28" X="570" Y="388" T="11" /><S m="" P="0,0,0,0,0,0,0,0" H="28" L="100" X="225" c="4" Y="300" T="12" /><S m="" P="0,0,0.3,0,45,0,0,0" L="61" H="28" X="598" Y="391" T="11" /><S m="" P="0,0,0,0.2,0,0,0,0" L="280" H="50" X="225" Y="399" T="1" /><S m="" P="0,0,0,0,0,0,0,0" X="55" L="110" H="30" c="4" Y="130" T="12" /><S m="" P="0,0,0.3,0,0,0,0,0" L="500" H="40" X="583" Y="398" T="11" /><S m="" P="0,0,0.3,0,0,0,0,0" L="110" X="330" H="30" Y="300" T="11" /><S m="" P="0,0,0.3,0,0,0,0,0" L="290" H="40" X="224" Y="399" T="11" /><S m="" P="0,0,0.3,0,0,0,0,0" L="80" X="400" H="40" Y="380" T="11" /><S m="" P="0,0,0.3,0,0,0,0,0" L="800" H="28" X="400" Y="-14" T="11" /><S m="" P="0,0,20,0.2,0,0,0,0" L="10" X="265" H="28" Y="201" T="4" /><S m="" P="0,0,0.3,0,0,0,0,0" L="42" X="675" H="30" Y="240" T="11" /><S m="" P="0,0,0,0.2,10,0,0,0" L="69" X="53" H="10" Y="373" T="1" /><S m="" P="0,0,0,0.2,-125,0,0,0" L="69" H="10" X="16" Y="342" T="1" /><S m="" P="0,0,0.3,0,10,0,0,0" L="61" X="56" H="28" Y="386" T="11" /><S m="" P="0,0,0.05,0.1,55,0,0,0" L="150" X="-26" H="120" Y="388" T="11" /><S m="" P="0,0,20,0.2,0,0,0,0" L="10" H="28" X="67" Y="301" T="4" /><S m="" P="0,0,0,0.2,0,0,0,0" c="3" L="200" o="6a7495" X="-100" H="700" Y="230" T="12" /><S m="" P="0,0,0.3,0.2,0,0,0,0" c="3" L="400" o="6a7495" H="711" X="1000" Y="270" T="12" /><S m="" P="0,0,0.3,0,0,0,0,0" L="109" H="30" X="120" Y="299" T="11" /><S m="" P="0,0,20,0.2,0,0,0,0" L="10" X="260" H="28" Y="112" T="4" /><S m="" P="0,0,0.3,0,0,0,0,0" L="61" X="235" H="30" Y="200" T="11" /><S m="" P="0,0,0.3,0,0,0,0,0" L="61" H="30" X="139" Y="130" T="11" /><S m="" P="0,0,0.3,0,55,0,0,0" L="100" H="30" X="188" Y="165" T="11" /><S m="" P="0,0,0.3,0,0,0,0,0" L="150" X="335" H="30" Y="111" T="11" /><S m="" P="0,0,,,,0,0,0" L="80" X="330" H="158" Y="206" T="9" /><S m="" P="0,0,20,0.2,0,0,0,0" L="10" H="70" X="522" Y="273" T="4" /><S m="" P="0,0,0,0.2,0,0,0,0" L="30" X="397" H="50" Y="70" T="1" /><S m="" P="0,0,0.3,0,0,0,0,0" L="42" X="778" H="30" Y="190" T="11" /><S m="" P="0,0,0,0.2,0,0,0,0" L="30" X="402" H="100" Y="95" T="1" /><S m="" P="0,0,0,0.2,0,0,0,0" L="10" X="411" H="63" Y="283" T="1" /><S m="" P="0,0,0.05,0.1,0,0,0,0" L="30" X="400" H="265" Y="182" T="11" /><S m="" P="0,0,0.3,0,0,0,0,0" L="79" X="656" H="30" Y="140" T="11" /><S m="" P="0,0,,,,0,0,0" L="60" X="557" H="156" Y="78" T="9" /><S m="" P="0,0,20,0.2,0,0,0,0" L="10" H="30" X="615" Y="94" T="4" /><S m="" P="0,0,0.05,0.1,0,0,0,0" L="30" X="602" H="100" Y="105" T="11" /><S m="" P="0,0,20,0.2,0,0,0,0" L="10" H="90" X="507" Y="58" T="4" /><S m="" P="0,0,0.3,0,0,0,0,0" L="60" X="445" H="25" Y="156" T="11" /><S m="" P="0,0,0.05,0.1,0,0,0,0" L="21" X="516" H="105" Y="53" T="11" /><S m="" P="0,0,0,0.2,0,0,0,0" L="10" X="497" H="66" Y="283" T="1" /><S m="" P="0,0,0.05,0.1,0,0,0,0" L="30" X="509" H="90" Y="270" T="11" /></S><D><DS Y="347" X="400" /></D><O><O P="0" C="11" X="55" Y="129" /><O P="0" C="11" X="215" Y="301" /><O P="0" C="11" X="468" Y="241" /></O><L><JR M2="1" M1="0" /><JR M2="2" M1="0" /><JR M2="3" M1="0" /><JR M2="4" M1="0" /><JR M2="5" M1="0" /><JR M2="6" M1="0" /><JR M2="7" M1="0" /><JR M2="8" M1="0" /></L></Z></C>