<C><P D="x_transformice/x_maps/x_noel2017/x_mapAFK.jpg" d="x_transformice/x_maps/x_noel2017/x_paille.png,113,140" /><Z><S><S m="" P="0,0,0.3,0.2,0,0,0,0" L="352" X="177" H="53" Y="375" T="0" /><S m="" P="0,0,0.3,0.2,34,0,0,0" L="71" X="376" H="58" Y="397" T="0" /><S m="" P="0,0,0.3,0.2,24,0,0,0" L="10" X="346" H="58" Y="377" T="0" /><S m="" P="0,0,0.3,0.2,0,0,0,0" L="400" X="600" H="53" Y="404" T="0" /><S m="" P="0,0,0.3,0.2,34,0,0,0" L="13" X="404" H="180" Y="240" T="0" /><S m="" P="0,0,0.3,0.2,0,0,0,0" L="294" X="596" H="15" Y="169" T="0" /><S m="" P="0,0,,,,0,0,0" L="40" X="780" H="230" Y="118" T="9" /><S m="" P="0,0,0.3,0.2,0,0,0,0" L="290" X="251" H="16" Y="166" T="0" /><S m="" P="0,0,0.3,0.2,0,0,0,0" L="50" X="-25" H="400" Y="200" T="0" /><S m="" P="0,0,0.3,0.2,0,0,0,0" L="50" X="825" H="400" Y="200" T="0" /><S m="" P="0,0,0.3,0.2,0,0,0,0" L="900" X="400" H="50" Y="-25" T="0" /><S m="" P="0,0,0.3,0.2,-1,0,0,0" L="180" X="698" H="15" Y="262" T="0" /><S m="" P="0,0,0.3,0.2,0,0,0,0" L="40" X="780" H="24" Y="245" T="0" /><S m="" P="0,0,0.3,0.2,0,0,0,0" L="180" X="685" H="15" Y="272" T="0" /><S m="" P="0,0,0.3,0.2,0,0,0,0" L="18" o="324650" X="603" H="10" Y="274" T="13" /><S m="" P="0,0,0.3,0.2,0,0,0,0" L="26" X="598" H="30" Y="291" T="0" /><S m="" P="0,0,20,0.2,0,0,0,0" L="20" X="508" H="20" Y="337" T="4" /><S m="" P="0,0,0.3,0.2,0,0,0,0" L="160" X="594" H="18" Y="319" T="0" /><S m="" P="0,0,20,0.2,0,0,0,0" L="20" X="680" H="20" Y="337" T="4" /><S m="" P="0,0,0.3,0.2,-45,0,0,0" L="20" X="675" H="24" Y="326" T="0" /><S m="" P="0,0,0.3,0.2,45,0,0,0" L="20" X="513" H="24" Y="326" T="0" /></S><D><DS Y="334" X="39" /></D><O /></Z></C>